Block_ID,Prev_Blk_ID,Arrival_time,Time_addn_to_tree,Num_txnsis_malicious_mined
6,1,7.07651e+07,7.07651e+07,10
8,6,2.36633e+08,2.36633e+08,80
9,8,3.06439e+08,3.06439e+08,30
43,9,4.11578e+08,4.11578e+08,100
13,43,5.62358e+08,5.62358e+08,1990
