Block_ID,Prev_Blk_ID,Arrival_time,Time_addn_to_tree,Num_txnsis_malicious_mined
16,1,2.55472e+07,2.55472e+07,10
15,16,3.15714e+08,3.15714e+08,30
54,15,3.70074e+08,3.70074e+08,60
25,54,4.94828e+08,4.94828e+08,840
