Block_ID,Prev_Blk_ID,Arrival_time,Time_addn_to_tree,Num_txnsis_malicious_mined
6,1,6.9301e+07,6.9301e+07,10
8,6,2.35366e+08,2.35366e+08,80
9,8,3.04965e+08,3.04965e+0830
43,9,4.10307e+08,4.10307e+08,100
13,43,5.63849e+08,5.63849e+08,1990
