Block_ID,Prev_Blk_ID,Arrival_time,Time_addn_to_tree,Num_txnsis_malicious_mined
5,1,3.81281e+07,3.81281e+07,10
26,5,2.07328e+08,2.07328e+08,10
11,26,3.47301e+08,3.47301e+08,90
56,11,3.826e+08,3.826e+08,130
19,56,4.03528e+08,4.03528e+08,740
22,56,4.34648e+08,4.34648e+08,660
69,22,4.48378e+08,4.48378e+08,2240
