Block_ID,Prev_Blk_ID,Arrival_time,Time_addn_to_tree,Num_txnsis_malicious_mined
5,1,3.99751e+07,3.99751e+07,10
26,5,2.09176e+08,2.09176e+08,10
11,26,3.45267e+08,3.45267e+0890
56,11,3.80546e+08,3.80546e+08130
19,56,4.03589e+08,4.03589e+08,740
