Block_ID,Prev_Blk_ID,Arrival_time,Time_addn_to_tree,Num_txnsis_malicious_mined
5,1,3.95731e+07,3.95731e+07,10
26,5,2.08774e+08,2.08774e+08,10
11,26,3.4876e+08,3.4876e+08,90
56,11,3.84065e+08,3.84065e+08,130
22,56,4.3483e+08,4.3483e+08,660
69,22,4.48302e+08,4.48302e+08,2240
