Block_ID,Prev_Blk_ID,Arrival_time,Time_addn_to_tree,Num_txnsis_malicious_mined
6,1,7.06161e+07,7.06161e+07,10
8,6,2.36473e+08,2.36473e+08,80
9,8,3.06287e+08,3.06287e+08,30
43,9,4.11414e+08,4.11414e+08,100
13,43,5.61885e+08,5.61885e+081990
