Block_ID,Prev_Blk_ID,Arrival_time,Time_addn_to_tree,Num_txnsis_malicious_mined
6,1,5.01648e+07,5.01648e+07,10
28,6,1.51188e+08,1.51188e+08,10
14,28,1.64448e+08,1.64448e+0860
8,6,2.37064e+08,2.37064e+08,80
4,14,3.00719e+08,3.00719e+08,70
9,8,3.06647e+08,3.06647e+08,30
34,4,3.5784e+08,3.5784e+08290
33,4,3.60476e+08,3.60476e+08,310
18,34,3.85196e+08,3.85196e+08,520
43,9,4.12012e+08,4.12012e+08,100
50,18,5.10833e+08,5.10833e+08,1730
13,43,5.66173e+08,5.66173e+08,1990
