Block_ID,Prev_Blk_ID,Arrival_time,Time_addn_to_tree,Num_txnsis_malicious_mined
6,1,5.11928e+07,5.11928e+07,10
28,6,1.52216e+08,1.52216e+08,10
14,28,1.65484e+08,1.65484e+08,60
8,6,2.38103e+08,2.38103e+08,80
4,14,3.01757e+08,3.01757e+08,70
9,8,3.07678e+08,3.07678e+08,30
34,4,3.58913e+08,3.58913e+08,290
33,4,3.61553e+08,3.61553e+08,310
18,34,3.84084e+08,3.84084e+08520
43,9,4.13054e+08,4.13054e+08,100
50,18,5.12143e+08,5.12143e+08,1730
