Block_ID,Prev_Blk_ID,Arrival_time,Time_addn_to_tree,Num_txnsis_malicious_mined
5,1,3.88871e+07,3.88871e+07,10
26,5,2.08087e+08,2.08087e+08,10
11,26,3.46368e+08,3.46368e+08,90
56,11,3.81654e+08,3.81654e+08,130
19,56,4.02382e+08,4.02382e+08740
