Block_ID,Prev_Blk_ID,Arrival_time,Time_addn_to_tree,Num_txnsis_malicious_mined
6,1,4.87528e+07,4.87528e+07,10
28,6,1.49776e+08,1.49776e+08,10
14,28,1.65868e+08,1.65868e+08,60
8,6,2.36498e+08,2.36498e+08,80
4,14,3.01493e+08,3.01493e+08,70
9,8,3.06089e+08,3.06089e+08,30
33,4,3.59015e+08,3.59015e+08,310
34,4,3.59297e+08,3.59297e+08,290
18,34,3.86691e+08,3.86691e+08,520
43,9,4.11443e+08,4.11443e+08,100
50,18,5.11879e+08,5.11879e+08,1730
13,43,5.65294e+08,5.65294e+08,1990
