Block_ID,Prev_Blk_ID,Arrival_time,Time_addn_to_tree,Num_txnsis_malicious_mined
5,1,3.88231e+07,3.88231e+07,10
26,5,2.08024e+08,2.08024e+08,10
11,26,3.4801e+08,3.4801e+08,90
56,11,3.83315e+08,3.83315e+08,130
19,56,4.04342e+08,4.04342e+08,740
22,56,4.35449e+08,4.35449e+08,660
69,22,4.49438e+08,4.49438e+08,2240
