Block_ID,Prev_Blk_ID,Arrival_time,Time_addn_to_tree,Num_txnsis_malicious_mined
5,1,3.86321e+07,3.86321e+07,10
26,5,2.07832e+08,2.07832e+08,10
11,26,3.47805e+08,3.47805e+08,90
56,11,3.83104e+08,3.83104e+08,130
22,56,4.33783e+08,4.33783e+08660
69,22,4.46995e+08,4.46995e+082240
