Block_ID,Prev_Blk_ID,Arrival_time,Time_addn_to_tree,Num_txnsis_malicious_mined
6,1,5.11808e+07,5.11808e+07,10
28,6,1.52204e+08,1.52204e+08,10
14,28,1.65472e+08,1.65472e+08,60
8,6,2.36036e+08,2.36036e+08,80
4,14,2.99693e+08,2.99693e+08,70
9,8,3.05627e+08,3.05627e+08,30
34,4,3.58901e+08,3.58901e+08,290
33,4,3.61541e+08,3.61541e+08,310
18,34,3.86295e+08,3.86295e+08,520
43,9,4.10981e+08,4.10981e+08,100
50,18,5.09535e+08,5.09535e+08,1730
13,43,5.64832e+08,5.64832e+08,1990
