Block_ID,Prev_Blk_ID,Arrival_time,Time_addn_to_tree,Num_txnsis_malicious_mined
6,1,5.23828e+07,5.23828e+07,10
28,6,1.53406e+08,1.53406e+08,10
14,28,1.66682e+08,1.66682e+08,60
8,6,2.3725e+08,2.3725e+08,80
4,14,2.98481e+08,2.98481e+0870
9,8,3.06833e+08,3.06833e+08,30
34,4,3.60149e+08,3.60149e+08,290
33,4,3.62792e+08,3.62792e+08,310
18,34,3.87581e+08,3.87581e+08,520
43,9,4.12198e+08,4.12198e+08,100
50,18,5.08051e+08,5.08051e+081730
