Block_ID,Prev_Blk_ID,Arrival_time,Time_addn_to_tree,Num_txnsis_malicious_mined
5,1,3.80541e+07,3.80541e+0710
26,5,2.07254e+08,2.07254e+0810
11,26,3.47214e+08,3.47214e+08,90
56,11,3.82507e+08,3.82507e+08,130
19,56,4.03334e+08,4.03334e+08,740
22,56,4.34467e+08,4.34467e+08,660
69,22,4.47939e+08,4.47939e+08,2240
