Block_ID,Prev_Blk_ID,Arrival_time,Time_addn_to_tree,Num_txnsis_malicious_mined
6,1,4.74758e+07,4.74758e+0710
28,6,1.48499e+08,1.48499e+0810
14,28,1.67153e+08,1.67153e+08,60
4,14,3.0278e+08,3.0278e+08,70
33,4,3.57688e+08,3.57688e+08310
34,4,3.6062e+08,3.6062e+08,290
18,34,3.88052e+08,3.88052e+08,520
50,18,5.13438e+08,5.13438e+08,1730
